station_name,lng,lat,end_station_id
Lincoln Ave & Fullerton Ave,-87.667968,41.91461,TA1309000058
Kimbark Ave & 53rd St,-87.594747,41.799568,TA1309000037
Western Ave & Lunt Ave,-87.700825,41.965875,RP-005
Lakeview Ave & Fullerton Pkwy,-87.648556352,41.949097157,TA1309000019
Broadway & Waveland Ave,-87.648576856,41.949087858,13325
Lincoln Park Conservatory,-87.648604631,41.949100018,LP-
Clark St & Columbia Ave,-87.67238152,42.004461408,RP-008
McClurg Ct & Ohio St,-87.623041,41.867888,TA1306000029
Clarendon Ave & Gordon Ter,-87.648450255,41.949062943,13379
Clark St & Berwyn Ave,-87.648652673,41.949104905,KA1504000146
Clark St & Newport St,-87.648636,41.949074,632
Avondale Ave & Irving Park Rd,-87.731816173,41.953410029,15624
Wilton Ave & Diversey Pkwy,-87.623042583,41.867916346,TA1306000014
Komensky Ave & 55th St,-87.72,41.79,347
Central St & Girard Ave,-87.686099529,42.064259052,E007
Troy St & Elston Ave,-87.648603916,41.949082971,15631
Dorchester Ave & 49th St,-87.594747,41.799568,KA1503000069
Millennium Park,-87.623041,41.867888,13008
Hampden Ct & Diversey Ave,-87.646278381,41.924073935,202480.0
Damen Ave & Thomas St (Augusta Blvd),-87.648761749,41.883183956,TA1307000070
Evanston Civic Center,-87.686194,42.064343666666666,661
Hoyne Ave & Balmoral Ave,-87.654608011,41.973410249,655
Damen Ave & Division St,-87.679243684,41.963241696,13136
Lincoln Ave & Diversey Pkwy,-87.648636,41.949074,TA1307000064
Broadway & Sheridan Rd,-87.648636,41.949074,13323
Kedzie Ave & Milwaukee Ave,-87.648636,41.949074,13085
Clark St & Elmdale Ave,-87.61728912591934,41.892592119709725,KA1504000148
Sacramento Blvd & Franklin Blvd,-87.677409,41.901315,KA1504000113
Pulaski Rd & 51st St,-87.72,41.79,343
Elmwood Ave & Austin St,-87.684166431,42.025811076,598
Warren Park West,-87.6724024047,42.00445062934,RP-001
Greenwood Ave & 47th St,-87.594747,41.799568,TA1308000002
Valli Produce - Evanston Plaza,-87.69048283333333,42.008571,599
Greenview Ave & Fullerton Ave,-87.648636,41.949074,TA1307000001
Western Ave & Howard St,-87.68615066666666,42.064271833333336,527
Michigan Ave & Pearson St,-87.61728912591934,41.892592119709725,13034
Southport Ave & Roscoe St,-87.648636,41.949074,13071
Western Ave & Grace St,-87.7,41.91,431
Clark St & Leland Ave,-87.6485852,41.94909966,TA1309000014
Warren Park East,-87.699414611,42.039674044,RP-002
N Sheffield Ave & W Wellington Ave,-87.652687192,41.932506442,20256.0
Wolcott (Ravenswood) Ave & Montrose Ave,-87.64863503,41.949099302,TA1307000144
Sheffield Ave & Wrightwood Ave,-87.648636,41.949074,TA1309000023
Wilton Ave & Belmont Ave,-87.64854866666667,41.94908633333333,TA1307000134
Burling St & Diversey Pkwy,-87.648636,41.949074,TA1309000036
Springfield Ave & 47th St,-87.71,41.81,344
Lakefront Trail & Bryn Mawr Ave,-87.650154,41.9716,15576
Clark St & Wellington Ave,-87.648636,41.949074,TA1307000136
Racine Ave & Fullerton Ave,-87.64883,41.919936,TA1306000026
Ravenswood Ave & Lawrence Ave,-87.648636,41.949074,TA1309000066
California Ave & Lake St,-87.67722,41.895769,15666
Western Ave & Monroe St,-87.67373085021973,41.869265218438194,15667
Evans Ave & 75th St,-87.64487783333334,41.7875695,570
Benson Ave & Church St,-87.686152,42.064313,596
Clark St & Drummond Pl,-87.648640513,41.949084997,TA1307000142
Southport Ave & Waveland Ave,-87.648619652,41.949103236,13235
California Ave & North Ave,-87.648636,41.949074,13258
Woodlawn Ave & 55th St,-87.594747,41.799568,TA1307000164
Halsted St & Roscoe St,-87.648636,41.949074,TA1309000025
Cottage Grove Ave & 43rd St,-87.61678,41.8246,TA1308000023
Public Rack - Hyde Park Blvd & 55th St,-87.59039247,41.802612901,768
Damen Ave & Leland Ave,-87.648556948,41.949083328,TA1307000158
Blackstone Ave & Hyde Park Blvd,-87.594802141,41.799581766,13398
Clark St & Grace St,-87.648636,41.949074,TA1307000127
Broadway & Argyle St,-87.648636,41.949074,13108
Ridge Blvd & Howard St,-87.690048,42.018901,514
Eastlake Ter & Howard St,-87.688829,42.001785,523
Montrose Harbor,-87.623041,41.867888,TA1308000012
California Ave & Fletcher St,-87.700829387,41.965871572,15642
Burnham Harbor,-87.62783423066139,41.88462107257936,15545
Oakley Ave & Irving Park Rd,-87.652705,41.932418,KA1504000158
Rhodes Ave & 32nd St,-87.607267,41.866095,13215
Lawler Ave & 50th St,-87.72,41.8,400
California Ave & Milwaukee Ave,-87.667968,41.91461,13084
Glenwood Ave & Morse Ave,-87.69031916666667,42.00864583333333,KA1504000175
Troy St & North Ave,-87.7011951301,41.93190196886,15653
Ellis Ave & 58th St,-87.594747,41.799568,TA1309000011
Ridge Blvd & Touhy Ave,-87.6904922389,42.0085943972,RP-006
Sheffield Ave & Waveland Ave,-87.648636,41.949074,TA1307000126
Lake Park Ave & 35th St,-87.5970051479,41.81409271048,KA1503000004
Greenview Ave & Diversey Pkwy,-87.648603916,41.949088573,13294
W Oakdale Ave & N Broadway,-87.6485641,41.949080944,20252.0
Lake Park Ave & 56th St,-87.623041,41.867888,TA1309000063
Sawyer Ave & Irving Park Rd,-87.732002,41.953393,KA1504000096
Broadway & Belmont Ave,-87.648636,41.949074,13277
Vernon Ave & 75th St,-87.6148,41.743116,571
Indiana Ave & Roosevelt Rd,-87.623041,41.867888,SL-005
State St & Van Buren St,-87.627868295,41.876937866,TA1305000035
Public Rack - Washtenaw Ave & Superior St,-87.69,41.89,855
Walsh Park,-87.667968,41.91461,18067
Stetson Ave & South Water St,-87.623071671,41.867858171,TA1308000029
Adler Planetarium,-87.623041,41.867888,13431
Wood St & Taylor St (Temp),-87.69,41.89,13285
Manor Ave & Leland Ave,-87.700825,41.965875,KA1504000127
Ashland Ave & Belle Plaine Ave,-87.648556232,41.94908917,13249
Damen Ave & Sunnyside Ave,-87.648661613,41.949087143,TA1309000012
Public Rack - Racine Ave & 109th Pl,-87.65,41.69,877
Halsted St & 18th St,-87.654146314,41.855128884,13099
Wabash Ave & Adams St,-87.623041,41.867888,KA1503000015
Halsted St & Maxwell St,-87.627844,41.877181,TA1309000001
Broadway & Wilson Ave,-87.648654342,41.949097395,13074
W Washington Blvd & N Peoria St,-87.65,41.88,20247.0
Michigan Ave & Madison St,-87.62801566666667,41.87691016666667,13036
Green St & Washington Blvd,-87.648636,41.949074,13053
Ogden Ave & Race Ave,-87.64599144458771,41.85750568031716,13194
Daley Center Plaza,-87.654145241,41.85515666,TA1306000010
Wabash Ave & Roosevelt Rd,-87.627844,41.877181,TA1305000002
Damen Ave & Chicago Ave,-87.68,41.91,13132
Federal St & Polk St,-87.627844,41.877181,SL-008
Stockton Dr & Wrightwood Ave,-87.63582453131676,41.92393131136619,13276
DuSable Lake Shore Dr & Wellington Ave,-87.623010039,41.867872,TA1307000041
New St & Illinois St,-87.62777983333334,41.87708466666667,TA1306000013
Marine Dr & Ainslie St,-87.648636,41.949074,KA1504000171
Public Rack - Kedzie Ave & Argyle St,-87.71,41.97,491
Richmond St & Diversey Ave,-87.701158762,41.932073116,15645
Halsted St & 59th St,-87.614488244,41.784187555,593
Damen Ave & Wabansia Ave,-87.68,41.91,20.0
Clarendon Ave & Leland Ave,-87.648636,41.949074,TA1307000119
Carpenter St & Huron St,-87.648656011,41.949099183,13196
State St & Randolph St,-87.627844,41.877181,TA1305000029
Wolcott Ave & Polk St,-87.628207207,41.876968741,TA1309000064
Racine Ave & 18th St,-87.62232,41.886835,13164
Mies van der Rohe Way & Chicago Ave,-87.61728912591934,41.892592119709725,13338
Union Ave & Root St,-87.643278,41.819102,KA1503000032
Halsted St & 63rd St,-87.64464902899999,41.779327273,KA1503000055
Clinton St & Madison St,-87.65420033333334,41.85519416666666,TA1305000032
LaSalle St & Jackson Blvd,-87.623041,41.867888,TA1309000004
Michigan Ave & 14th St,-87.623041,41.867888,TA1307000124
Damen Ave & Melrose Ave,-87.66888237,41.956157327,13143
Kedzie Ave & Palmer Ct,-87.62901016666666,41.88366483333333,13292
Southport Ave & Wrightwood Ave,-87.648636,41.949074,TA1307000113
Western Ave & Division St,-87.653449,41.894556,13241
Racine Ave & 15th St,-87.648563,41.949071333333336,13304
Morgan St & 31st St,-87.654127,41.855136,TA1308000046
Michigan Ave & 8th St,-87.623041,41.867888,623
Racine Ave & Belmont Ave,-87.648636,41.949074,TA1308000019
Clybourn Ave & Division St,-87.646267653,41.924143791,TA1307000115
Morgan St & Polk St,-87.654144168,41.855135322,TA1307000130
Albany Ave & Bloomingdale Ave,-87.667968,41.91461,15655
Wabash Ave & 16th St,-87.623041,41.867888,SL-012
Wentworth Ave & 35th St,-87.632552862,41.830597401,KA1503000005
Desplaines St & Kinzie St,-87.671473,41.889899,TA1306000003
Dearborn St & Monroe St,-87.623041,41.867888,TA1305000006
Logan Blvd & Elston Ave,-87.7011951301,41.93190196886,TA1308000031
Western Ave & Gunnison St,-87.64993766666667,41.96788316666667,445
Canal St & Jackson Blvd,-87.627844,41.877181,13138
Austin Blvd & Madison St,-87.774453,41.880281,16918
Ada St & 113th St,-87.65,41.69,20129
Humboldt Blvd & Armitage Ave,-87.658751,41.891795,15651
Kingsbury St & Erie St,-87.627882123,41.877175093,13265
Canal St & Adams St,-87.623056769,41.867879987,13011
Leavitt St & Chicago Ave,-87.623033166,41.867950797,18058
N Paulina St & Lincoln Ave,-87.648679972,41.949080825,20253.0
St. Clair St & Erie St,-87.623041,41.867888,13016
Canal St & Monroe St,-87.627844,41.877181,13056
Public Rack - Jensen Park,-87.716631,41.9610965,932
Shedd Aquarium,-87.627844,41.877181,15544
Clinton St & Polk St,-87.641150236,41.88278842,15542
Financial Pl & Ida B Wells Dr,-87.627844,41.877181,SL-010
Milwaukee Ave & Grand Ave,-87.627844,41.877181,13033
Eckhart Park,-87.629634,41.884241,13289
Orleans St & Hubbard St,-87.62783423066139,41.88462107257936,636
Wacker Dr & Washington St,-87.627844,41.877181,KA1503000072
N Clark St & W Elm St,-87.638685822,41.93134439,20249.0
Leavitt St & Armitage Ave,-87.667968,41.91461,TA1309000029
Racine Ave & Randolph St,-87.627839565,41.876850724,13155
Michigan Ave & Washington St,-87.62783885,41.877289534,13001
Morgan St & Lake St*,-87.658751,41.891795,chargingstx4
State St & Kinzie St,-87.627844,41.877181,13050
Sangamon St & Washington Blvd,-87.622970343,41.886887312,13409
Racine Ave & Congress Pkwy,-87.64706666666666,41.86489366666667,TA1306000025
Wood St & Milwaukee Ave,-87.667968,41.91461,13221
Canal St & Taylor St,-87.627542,41.856594,15550
Central Ave & Madison St,-87.727907,41.88085,16916
State St & Harrison St,-87.627844,41.877181,SL-007
Larrabee St & Armitage Ave,-87.627951741,41.877250433,TA1309000006
Clark St & Lake St,-87.62232,41.886835,KA1503000012
Stewart Ave & 83rd St,-87.62284398078917,41.74335976225324,20120
Delano Ct & Roosevelt Rd,-87.623041,41.867888,KA1706005007
Canal St & Madison St,-87.627844,41.877181,13341
Canal St & Harrison St,-87.623041,41.867888,13326
Hermitage Ave & Polk St,-87.648635268,41.949091911,13080
Clinton St & Jackson Blvd,-87.623041,41.867888,638
Michigan Ave & 18th St,-87.654127121,41.855152965,13150
Paulina Ave & North Ave,-87.667968,41.91461,TA1305000037
Sangamon St & Lake St,-87.667984843,41.914598107,TA1306000015
Avers Ave & Belmont Ave,-87.701306581,41.931892037,15640
Cityfront Plaza Dr & Pioneer Ct,-87.623069167,41.868118048,13427
Wells St & Polk St,-87.627891421,41.877217412,SL-011
Damen Ave & Cortland St,-87.648542404,41.949095011,13133
California Ave & Francis Pl (Temp),-87.69,41.89,13259
Milwaukee Ave & Fullerton Ave,-87.73,41.91,428
Rush St & Superior St,-87.617275953,41.892707109,15530
Leavitt St & North Ave,-87.62232,41.886835,TA1308000005
Public Rack - Cicero Ave & Wrightwood Ave,-87.707417,41.9215015,547
Pine Grove Ave & Irving Park Rd,-87.648636,41.949074,TA1308000022
McCormick Place,-87.629634,41.884241,TA1305000004
Indiana Ave & 26th St,-87.629691601,41.872174382,TA1307000005
Spaulding Ave & Division St,-87.667968,41.91461,15654
Desplaines St & Jackson Blvd,-87.627844,41.877181,15539
Damen Ave & Grand Ave,-87.667968,41.91461,TA1308000006
Clinton St & 18th St,-87.654127,41.855136,TA1307000044
Damen Ave & Pierce Ave,-87.627844,41.877181,TA1305000041
Larrabee St & Kingsbury St,-87.658871293,41.891812325,TA1306000009
Aberdeen St & Jackson Blvd,-87.627844,41.877181,13157
Damen Ave & Charleston St,-87.625643015,41.879227161,13288
May St & Taylor St,-87.623041,41.867888,13160
DuSable Lake Shore Dr & North Blvd,-87.617427349,41.893318653,LF-005
Clark St & Randolph St,-87.627844,41.877181,TA1305000030
Sheffield Ave & Kingsbury St,-87.67373085021973,41.869265218438194,13154
Larrabee St & Oak St,-87.64642833333333,41.92420216666667,KA1504000116
MLK Jr Dr & 29th St,-87.626019597,41.867220283,TA1307000139
900 W Harrison St,-87.627887964,41.877249837,13028
Damen Ave & Madison St,-87.64880383,41.883161187,13134
Kosciuszko Park,-87.71,41.93,15643
Clark St & Ida B Wells Dr,-87.623041,41.867888,TA1305000009
Kingsbury St & Kinzie St,-87.627942204,41.877164006,KA1503000043
Stave St & Armitage Ave,-87.668884873,41.956036687,13266
Clinton St & Lake St,-87.648626566,41.949066997,13021
Clark St & Wrightwood Ave,-87.64860933333334,41.949063333333335,TA1305000014
Lincoln Ave & Waveland Ave,-87.70080433333334,41.965834,13253
Wells St & Elm St,-87.62825048,41.87710464,KA1504000135
Ashland Ave & Division St,-87.64858833333334,41.94908383333333,13061
Clark St & Winnemac Ave,-87.64858222,41.949113965,TA1309000035
Loomis St & Archer Ave,-87.654211521,41.85524261,KA1503000040
Dearborn St & Adams St,-87.627844,41.877181,TA1305000005
Wells St & Evergreen Ave,-87.63582453131676,41.92393131136619,TA1308000049
Wells St & Huron St,-87.64883,41.919936,TA1306000012
Wells St & Walton St,-87.663712,41.920771,TA1306000011
Orleans St & Merchandise Mart Plaza,-87.623041,41.867888,TA1305000022
Halsted St & Archer Ave,-87.65420266666666,41.85517016666667,TA1308000013
Halsted St & Clybourn Ave,-87.648636,41.949074,331
Michigan Ave & Jackson Blvd,-87.623041,41.867888,TA1309000002
Aberdeen St & Randolph St,-87.658751,41.891795,18062
Lincoln Ave & Roscoe St*,-87.64895250000001,41.94367233333333,chargingstx5
Desplaines St & Randolph St,-87.648735523,41.883181453,15535
Damen Ave & Clybourn Ave,-87.652705,41.932418,13271
Ada St & Washington Blvd,-87.671473,41.889899,13353
Halsted St & North Branch St,-87.64883,41.919936,KA1504000117
Aberdeen St & Monroe St,-87.647071,41.864883,13156
Calumet Ave & 21st St,-87.623067617,41.867835402,15546
Ashland Ave & Grace St,-87.648636,41.949074,13319
Larrabee St & Division St,-87.658783793,41.891768336,KA1504000079
Ashland Ave & Blackhawk St,-87.62232,41.886835,13224
Franklin St & Monroe St,-87.623030066,41.868050575,TA1309000007
Peoria St & Jackson Blvd,-87.627542,41.856594,13158
Clinton St & Tilden St,-87.62788483333334,41.87706716666667,13037
Honore St & Division St,-87.671473,41.889899,TA1305000034
Wabash Ave & Grand Ave,-87.64169722795485,41.89380805624359,TA1307000117
Seeley Ave & Roscoe St,-87.629634,41.884241,13144
Damen Ave & Wellington Ave,-87.648636,41.949074,13268
Lincoln Ave & Addison St,-87.679258,41.96325,TA1309000050
Western Ave & Granville Ave,-87.6904922389,42.0085943972,KA1504000129
California Ave & 21st St,-87.64599144458771,41.85750568031716,13096
Sacramento Blvd & Polk St,-87.673698545,41.871263504,419
Public Rack - Kostner Ave & Armitage Ave,-87.72793016666667,41.924554666666666,866
Ashland Ave & 63rd St,-87.654371738,41.783185959,16948
Western Ave & Fillmore St,-87.67373085021973,41.869265218438194,644
Western Ave & 24th St,-87.671453357,41.889803171,TA1309000003
Throop St & Taylor St,-87.623041,41.867888,13139
Narragansett & Wrightwood,-87.714005828,41.949963093,314
Eggleston Ave & 69th St,-87.635876,41.768898,650
Halsted St & Wrightwood Ave,-87.64854233333334,41.949085,TA1309000061
Ashland Ave & Augusta Blvd,-87.67373085021973,41.869265218438194,13248
Loomis St & Jackson Blvd,-87.628017306,41.8770262,13206
Eberhart Ave & 61st St,-87.6158532619,41.79342945658,KA1503000033
Long & Irving Park,-87.72,41.96,398
Western Ave & Congress Pkwy,-87.629634,41.884241,15668
Harlem & Irving Park,-87.81,41.94,326
MLK Jr Dr & 63rd St,-87.665014029,41.779421329,KA1503000053
Kilpatrick Ave & Grand Ave,-87.74,41.92,374
State St & 19th St,-87.627542,41.856594,SL-013
Halsted St & Dickens Ave,-87.648636,41.949074,13192
Woodlawn Ave & Lake Park Ave,-87.594747,41.799568,KA1503000065
Keystone Ave & Fullerton Ave,-87.72801716666666,41.92458333333333,16010
Lincoln Ave & Belmont Ave (Temp),-87.648704648,41.949073076,TA1309000042
MLK Jr Dr & 56th St,-87.61448353528975,41.784071072761,KA1503000073
N Green St & W Lake St,-87.622429371,41.886819243,20246.0
Shore Dr & 55th St,-87.594602108,41.799566507,TA1308000009
DuSable Lake Shore Dr & Belmont Ave,-87.648636,41.949074,TA1309000049
Southport Ave & Clybourn Ave,-87.627844,41.877181,TA1309000030
Ashland Ave & Grand Ave,-87.671483517,41.889857888,13434
Clark St & Lincoln Ave,-87.63582453131676,41.92393131136619,13179
DuSable Lake Shore Dr & Monroe St,-87.623041,41.867888,13300
Theater on the Lake,-87.623041,41.867888,TA1308000001
Christiana Ave & Lawrence Ave,-87.70088166666666,41.965886833333336,15615
Artesian Ave & Hubbard St,-87.673792124,41.869342446,15664
Maplewood Ave & Peterson Ave,-87.693382382,41.990253448,KA1504000130
Racine Ave & Fullerton Ave (Temp),-87.64638,41.924161,TA1306000026
Franklin St & Lake St,-87.623051167,41.867923737,TA1307000111
Drake Ave & Addison St,-87.7066499009,41.94524356848,KA1504000142
Emerald Ave & 28th St,-87.63220787,41.850076199,TA1307000153
Noble St & Milwaukee Ave,-87.65,41.89,13290
Elston Ave & George St,-87.706673622,41.945269465,472
Franklin St & Chicago Ave,-87.648636,41.949074,13017
Monticello Ave & Irving Park Rd,-87.7066499009,41.94524356848,KA1504000139
Sheridan Rd & Buena Ave,-87.648636,41.949074,TA1309000027
Rush St & Hubbard St,-87.627844,41.877181,KA1503000044
Francisco Ave & Montrose Ave,-87.65350216666667,41.89450516666667,446
Clark St & Armitage Ave,-87.648636,41.949074,13146
Bernard St & Elston Ave,-87.72,41.96,18016
Clark St & Schiller St,-87.64883,41.919936,TA1309000024
Wood St & Chicago Ave,-87.671473,41.889899,637
Lake Park Ave & 53rd St,-87.594747,41.799568,KA1503000059
Kilbourn Ave & Milwaukee Ave,-87.77,41.94,16994
Sacramento Blvd & Addison St,-87.717594028,41.947342396,432
Larrabee St & Webster Ave,-87.63582453131676,41.92393131136619,13193
Claremont Ave & Hirsch St,-87.667968,41.91461,13245
Sheridan Rd & Lawrence Ave,-87.648636,41.949074,TA1309000041
Halsted St & 21st St,-87.594747,41.799568,13162
Cottage Grove Ave & 51st St,-87.61678,41.8246,TA1309000067
Western Ave & Walton St,-87.652705,41.932418,KA1504000103
Sedgwick St & Schiller St,-87.638742,41.93132,TA1307000143
Sheffield Ave & Willow St,-87.64638036489487,41.924161029067626,TA1306000032
Orleans St & Chestnut St (NEXT Apts),-87.622071505,41.886491776,620
Dearborn St & Erie St,-87.62504533333333,41.881952,13045
Smith Park,-87.623041,41.867888,643
Dorchester Ave & 63rd St,-87.6059702038765,41.78053094070882,KA1503000046
Bissell St & Armitage Ave*,-87.667968,41.91461,chargingstx1
Wabash Ave & Cermak Rd,-87.64599144458771,41.85750568031716,TA1305000001
Sedgwick St & Webster Ave,-87.64883,41.919936,13191
Field Museum,-87.607267,41.866095,13029
Elston Ave & Cortland St,-87.667968,41.91461,TA1305000039
Wentworth Ave & 24th St (Temp),-87.6321405172348,41.85008369347577,TA1308000026
Kilpatrick Ave & Parker Ave,-87.708022594,41.929660559,358
Sheridan Rd & Argyle St,-87.658384204,41.965224862,13059
Ping Tom Park (East),-87.629709482,41.872116327,20260.0
Damen Ave & Pershing Rd,-87.629645467,41.872099161,546
Knox Ave & Montrose Ave,-87.6933696402,41.99023602867,592
Public Rack - Longwood Dr & 111th St,-87.67,41.69,899
Pulaski Rd & Congress Pkwy,-87.72609159350395,41.87441021003816,535
Public Rack - Talman Ave & Pershing Rd,-87.72,41.78,1040
Wells St & 19th St,-87.6295437729,41.87207763285,SL-006
Homewood Ave & 115th St,-87.67,41.69,20206
Racine Ave & Washington Blvd,-87.622047782,41.886823893,654
California Ave & Division St,-87.68,41.91,13256
Halsted St & 51st St,-87.633406758,41.809243083,KA1503000010
Central St Metra,-87.6904922389,42.0085943972,E006
Kostner Ave & Adams St,-87.727956414,41.880871534,545
Rockwell St & Fletcher St,-87.70089376,41.965867043,435
California Ave & Byron St,-87.65,41.89,15628
Winthrop Ave & Lawrence Ave,-87.679258,41.96325,TA1308000021
Clarendon Ave & Junior Ter,-87.648636,41.949074,13389
St. Louis Ave & Balmoral Ave,-87.6933696402,41.99023602867,KA1504000161
St. Louis Ave & Fullerton Ave,-87.701204419,41.931953549,KA1504000090
Rush St & Cedar St,-87.625265837,41.881953478,KA1504000133
Fairbanks St & Superior St,-87.61728912591934,41.892592119709725,18003
Sheridan Rd & Montrose Ave,-87.648580432,41.94906652,TA1307000107
Dusable Harbor,-87.623053908,41.868026018,KA1503000064
Dodge Ave & Church St,-87.6904922389,42.0085943972,600
Glenwood Ave & Touhy Ave,-87.6724024047,42.00445062934,525
May St & Cullerton St,-87.654127,41.855136,13331
Public Rack - Ashland Ave & 76th St,-87.66,41.76,719
Morgan St & 18th St,-87.623041,41.867888,13163
Spaulding Ave & Armitage Ave,-87.61745416666666,41.8930315,15650
Western Ave & 21st St,-87.685109,41.84847,13091
Wood St & Webster Ave,-87.62145433333333,41.8974965,TA1307000138
Clark St & North Ave,-87.623067498,41.867904782,13128
Sedgwick St & North Ave,-87.64638036489487,41.924161029067626,TA1307000038
Blue Island Ave & 18th St,-87.627844,41.877181,13135
Damen Ave & Cullerton St,-87.627844,41.877181,13089
Commercial Ave & 130th St,-87.56,41.67,20213
Winchester Ave & Elston Ave,-87.62933898,41.883926868,KA1504000140
Wood St & 35th St,-87.627620935,41.856558204,KA1503000066
Ritchie Ct & Banks St,-87.63682901859283,41.9366884494997,KA1504000134
Ashland Ave & Chicago Ave,-87.658845901,41.891795993,13247
Southport Ave & Belmont Ave,-87.648591638,41.949118495,13229
Dearborn Pkwy & Delaware Pl,-87.65294373035431,41.940231918108594,TA1307000128
Parkside Ave & Armitage Ave,-87.77,41.92,354
Kostner Ave & Lake St,-87.7061278837,41.89546530305,536
Long Ave & North Ave,-87.76,41.92,375
Wolcott Ave & Fargo Ave,-87.6495115,41.95787533333333,519
Halsted St & 37th St,-87.643278,41.819102,TA1307000161
Shields Ave & 28th Pl,-87.646001577,41.857505322,15443
Wood St & Augusta Blvd,-87.658751,41.891795,657
Buckingham Fountain,-87.623041,41.867888,15541
California Ave & Altgeld St,-87.679314971,41.963381529,15646
Public Rack - Hamlin Ave & Fullerton Ave,-87.7080545,41.92967,507
Racine Ave & 35th St,-87.69582286477088,41.8537957934734,15446
Kedzie Ave & Leland Ave,-87.6933696402,41.99023602867,KA1504000126
Emerald Ave & 31st St,-87.62751633333333,41.85654666666667,TA1309000055
Public Rack - Milwaukee Ave & Haussen Ct,-87.73192783333333,41.9533475,505
Clark St & Touhy Ave,-87.658139,41.965221,RP-007
Damen Ave & Walnut (Lake) St,-87.65887785,41.891798615,KA17018054
N Carpenter St & W Lake St,-87.677163005,41.895641804,20251.0
Ellis Ave & 53rd St,-87.594747,41.799568,KA1503000052
Green St & Madison St,-87.673803449,41.869354606,TA1307000120
Franklin St & Adams St (Temp),-87.658751,41.891795,TA1309000008
Paulina St & 18th St,-87.673690081,41.869347334,TA1307000159
Kedzie Ave & Bryn Mawr Ave,-87.71,41.98,KA1504000167
Kedzie Ave & 57th St,-87.71,41.77,346
Cannon Dr & Fullerton Ave,-87.6392025,41.94079083333333,13124
Princeton Ave & 47th St,-87.5970051479,41.81409271048,KA1503000009
Cottage Grove Ave & 63rd St,-87.594747,41.799568,KA1503000054
Sacramento Blvd & Fulton Ave,-87.7,41.89,414
Milwaukee Ave & Cuyler Ave,-87.72785,41.92459,16991
Greenwood Ave & 91st St,-87.597257733,41.728738666,20235
Mozart St & Jackson Blvd,-87.71,41.87,418
University Library (NU),-87.672375798,42.004454494,605
Bosworth Ave & Howard St,-87.677725,42.016977,16806
Clifton Ave & Armitage Ave,-87.623041,41.867888,TA1307000163
Vernon Ave & 79th St,-87.624621,41.756971,574
Racine Ave & Wrightwood Ave,-87.667968,41.91461,TA1309000059
Kimball Ave & Belmont Ave,-87.7011951301,41.93190196886,KA150400009X
Clark St & Jarvis Ave,-87.672383428,42.004477262,517
Ellis Ave & 60th St,-87.594747,41.799568,KA1503000014
Southport Ave & Clark St,-87.668835,41.956057,TA1308000047
Sheffield Ave & Webster Ave,-87.627844,41.877181,TA1309000033
Southport Ave & Irving Park Rd,-87.648557425,41.949082136,TA1309000043
Western Ave & Berteau Ave,-87.673747182,41.871324897,438
Kedzie Ave & 48th Pl,-87.7,41.79,382
N Southport Ave & W Newport Ave,-87.67142725,41.939221263,20257.0
Leavitt St & Division St,-87.677193522,41.895659328,658
Talman Ave & Addison St,-87.71,41.97,15632
Sheridan Rd & Columbia Ave,-87.66856491565704,41.97803062248656,660
Larrabee St & Menomonee St,-87.65,41.88,TA1306000007
Washtenaw Ave & Polk St,-87.696378231,41.884462714,420
Clark St & Schreiber Ave,-87.669749141,41.990831971,KA1504000156
Sheffield Ave & Fullerton Ave,-87.64862,41.94910266666667,TA1306000016
Mies van der Rohe Way & Chestnut St,-87.623041,41.867888,15529
Ashland Ave & Wrightwood Ave,-87.635877371,41.924079776,13296
Ravenswood Ave & Berteau Ave,-87.648636,41.949074,TA1309000018
Sedgwick St & Huron St,-87.658751,41.891795,TA1307000062
Pine Grove Ave & Waveland Ave,-87.648636,41.949074,TA1307000150
Broadway & Barry Ave,-87.648636,41.949074,13137
Wood St & Hubbard St,-87.6714335,41.88995783333333,13432
MLK Jr Dr & Pershing Rd,-87.616841912,41.824514151,13420
Public Rack - Ashland Ave & 71st St,-87.67,41.77,742
Public Rack - Wood St & 103rd St,-87.67,41.71,694
Mulligan Ave & Wellington Ave,-87.78,41.93,351
N Damen Ave & W Chicago Ave,-87.69,41.92,20255.0
Central Ave & Roscoe St,-87.77,41.94,396
Wabash Ave & 83rd St,-87.6148,41.743116,587
Cherry Ave & Blackhawk St,-87.655606866,41.907240272,18069
MLK Jr Dr & 83rd St,-87.624424,41.750794,586
Kedzie Ave & Harrison St,-87.686232686,41.868618011,KA1504000082
Cottage Grove Ave & Oakwood Blvd,-87.607055664,41.822935581,TA1308000038
Public Rack - Cottage Grove & 85th St,-87.604857802,41.743504167,663
Prairie Ave & 43rd St,-87.61678,41.8246,KA1503000027
State St & 79th St,-87.565211,41.75182,573
South Shore Dr & 67th St,-87.594747,41.799568,KA1503000029
Lamon Ave & Belmont Ave,-87.77,41.94,316
Kedzie Ave & Roosevelt Rd,-87.7048707493,41.87359967462,15682
Public Rack - Percy Julian HS,-87.65,41.71,602
Public Rack - Walden Pkwy & 103rd St,-87.67,41.69,693
Fairfield Ave & Roosevelt Rd,-87.62301316666667,41.86793816666667,KA1504000102
Cottage Grove Ave & 47th St,-87.594625354,41.799548507,TA1309000053
Harper Ave & 59th St,-87.594724178,41.799628019,KA1503000070
Campbell Ave & North Ave,-87.627879024,41.877141118,13257
Cornell Ave & Hyde Park Blvd,-87.594747,41.799568,KA1503000007
Stony Island Ave & 71st St,-87.5764501141,41.76663823695,KA1503000045
Public Rack - Hamlin Ave & Montrose Ave,-87.71,41.99,492
Woodlawn Ave & 75th St,-87.5758393587,41.75712006802,569
Loomis St & 89th St,-87.658043504,41.73247087,20102
Jeffery Blvd & 71st St,-87.580715,41.795212,KA1503000018
Public Rack - Melvina Ave & Belmont Ave,-87.78,41.94,561
Yates Blvd & 75th St,-87.604929,41.743499,KA1503000024
Public Rack - Kostner Ave & Diversey Ave,-87.708066344,41.929674149,1019
Drake Ave & Montrose Ave,-87.7066499009,41.94524356848,KA1504000097
Wabash Ave & 87th St,-87.62284398078917,41.74335976225324,595
Campbell Ave & Montrose Ave,-87.648636,41.949074,15623
Kenosha & Wellington,-87.708090067,41.929665089,361
Jeffery Blvd & 76th St,-87.595751,41.75916,KA1503000028
Meade Ave & Diversey Ave,-87.707860351,41.929573059,353
Ashland Ave & Archer Ave,-87.625125,41.882134,15442
Wallace St & 35th St,-87.61678,41.8246,TA1308000045
Public Rack - California Ave & Cortez St,-87.666808248,41.916407943,512
Oglesby Ave & 100th St,-87.56584167480469,41.71339748442245,20226
Wentworth Ave & 33rd St,-87.629702568,41.872041583,15445
South Shore Dr & 71st St,-87.623041,41.867888,KA1503000002
Washtenaw Ave & Lawrence Ave,-87.700785875,41.965898991,KA1504000080
Elizabeth St & 59th St,-87.656171679,41.830703974,647
Streeter Dr & Grand Ave,-87.623041,41.867888,13022
Lincoln Ave & Peterson Ave,-87.71,41.99,462
California Ave & Winona St,-87.7,41.98,443
Public Rack - King Dr & 115th St,-87.63,41.68,937
Lincoln Ave & Sunnyside Ave,-87.658306122,41.965123296,TA1307000156
Public Rack - Cicero Ave & North Ave,-87.72,41.9,551
Keystone Ave & Montrose Ave,-87.732002,41.953393,KA1504000164
Shields Ave & 31st St,-87.629634,41.884241,KA1503000038
Public Rack - Harold Washington Park,-87.61,41.79,766
Central Park Ave & Elbridge Ave,-87.64119029045105,41.882751965685614,15644
Princeton Ave & Garfield Blvd,-87.599334836,41.809727907,KA1503000013
Albany Ave & Montrose Ave,-87.679258,41.96325,15621
California Ave & Montrose Ave,-87.679236293,41.96318543,15622
Ashland Ave & McDowell Ave,-87.633512378,41.809369683,16937
Morgan Ave & 14th Pl,-87.654127,41.855136,TA1306000002
Indiana Ave & 40th St,-87.625706077,41.860303998,13083
Cottage Grove Ave & 67th St,-87.60599066666667,41.78064333333333,KA1503000031
Lincolnwood Dr & Central St,-87.686152,42.064313,E014
Stony Island Ave & 75th St,-87.576319337,41.766584992,KA1503000019
Public Rack - Lowell Ave & Elston Ave,-87.658376,41.9651715,497
Spaulding Ave & 16th St,-87.71,41.85,366.0
Ravenswood Ave & Irving Park Rd,-87.64,41.94,TA1307000149
Oakley Ave & Touhy Ave,-87.6904922389,42.0085943972,RP-004
Dauphin Ave & 87th St,-87.6148,41.743116,20116
Indiana Ave & 103rd St,-87.590259194,41.709500074,20112
Dauphin Ave & 103rd St,-87.6184719800949,41.70717027117756,20113
Cottage Grove Ave & 83rd St,-87.6148,41.743116,585
Kedzie Ave & 21st St,-87.62,41.89,15686
Normal Ave & Archer Ave,-87.6256886059,41.87947235235,TA1308000014
Torrence Ave & 126th Pl,-87.557216,41.666312,20217
Francisco Ave & Hollywood Ave,-87.7,41.98,460
Cicero Ave & Grace St,-87.75,41.95,322
Cottage Grove Ave & 71st St,-87.5758393587,41.75712006802,KA1503000003
Baltimore Ave & 87th St,-87.54851460456847,41.73733560041666,20229
Ashland Ave & Pershing Rd,-87.676597,41.823192,16932
East End Ave & 87th St,-87.604858279,41.743434787,20231
Public Rack - Loomis Blvd & 47th St,-87.636595964,41.889966011,1043
Millard Ave & 26th St,-87.629634,41.884241,KA1504000110
Malcolm X College,-87.623043299,41.868081689,631
State St & 54th St,-87.63,41.8,646
Kedzie Ave & 24th St,-87.685838,41.854109,KA1504000086
Commercial Ave & 83rd St,-87.551208,41.744615,TA1309000051
Racine Ave & Garfield Blvd,-87.655115128,41.794226408,559
Pulaski & Ann Lurie Pl,-87.72,41.82,340
MTV Hubbard St,-87.677155614,41.895636082,021320
Public Rack - Lockwood Ave & Diversey Ave,-87.74,41.93,964
Damen Ave & Coulter St,-87.673688,41.871262,TA1307000066
Hoyne Ave & 34th St,-87.7,41.88,337
Washtenaw Ave & Ogden Ave,-87.69582286477088,41.8537957934734,KA1504000109
State St & Pearson St,-87.62232,41.886835,TA1307000061
Ogden Ave & Chicago Ave,-87.658751,41.891795,TA1305000020
LaSalle St & Adams St,-87.6256886059,41.87947235235,KA1503000034
Karlov Ave & Madison St,-87.72609159350395,41.87441021003816,534
Phillips Ave & 79th St,-87.597552,41.751294,579
Public Rack - 111th St - Morgan Park Metra,-87.67,41.69,682
California Ave & Marquette Rd,-87.71,41.78,390
St Louis Ave & 59th St,-87.7,41.79,387
California Ave & 26th St,-87.68,41.9,15692
Public Rack - Mt Greenwood Library - South,-87.7,41.69,687
Constance Ave & 95th St,-87.57896840572357,41.72229074095262,20228
Western Ave & 111th St,-87.66,41.77,20205
Elston Ave & Henderson St,-87.663757443,41.920730472,433
South Shore Dr & 74th St,-87.594747,41.799568,KA1503000020
Whipple/Irving Park,-87.711790323,41.968360901,475
Public Rack - Hoyne Ave & 110th Pl,-87.67,41.69,902
Public Rack - Rockwell & 111th St,-87.67,41.71,677
Public Rack - Campbell Ave & Pratt Blvd,-87.7,42.01,929
Public Rack - Laramie Ave & Fullerton Ave,-87.76,41.93,549
Public Rack - Karlov Ave & Kamerling Ave,-87.74,41.92,520
Ogden Ave & Roosevelt Rd,-87.632107139,41.850108385,KA1504000101
Ellis Ave & 83rd St,-87.604840875,41.74347651,584
Narragansett & Irving Park,-87.79,41.95,323
Public Rack - Western Ave & 96th St,-87.67,41.71,991
Halsted St & 96th St,-87.6430195569992,41.71971218361882,20105
Washtenaw Ave & Peterson Ave,-87.700884,41.965840166666666,458
Richmond St & Lincoln Ave,-87.71,41.99,452
Mason Ave & Belmont Ave,-87.75,41.93,473
Francisco Ave & Bloomingdale Ave,-87.68,41.91,429
Dodge Ave & Mulford St,-87.6904922389,42.0085943972,662
Narragansett Ave & School St,-87.79,41.94,397
Monticello Ave & Chicago Ave,-87.618598819,41.890777707,301
Public Rack - Avers Ave & Irving Park Rd,-87.73,41.97,494
Conservatory Dr & Lake St,-87.6677,41.899643,518
Lake Park Ave & 47th St,-87.5970051479,41.81409271048,TA1308000035
Public Rack - Nagle Ave & Belmont Ave,-87.77,41.94,810
Public Rack - Sawyer Ave & Lawrence Ave,-87.705855966,41.960980773,861
Kilbourn & Belden,-87.672584772,41.907572627,359
State St & 76th St,-87.624424,41.750794,572
Major Taylor Trail & 124th St,-87.64,41.67,20208
Loomis Blvd & 84th St,-87.634088,41.743717,20121
Wabash Ave & Wacker Pl,-87.627844,41.877181,TA1307000131
Sheridan Rd & Irving Park Rd,-87.658139,41.965221,13063
Michigan Ave & Oak St,-87.61728912591934,41.892592119709725,13042
Public Rack - Western Blvd & 49th St,-87.69,41.8,821
Elizabeth St & Fulton St,-87.658751,41.891795,13197
LaSalle Dr & Huron St,-87.627910137,41.884652495,KP1705001026
Broadway & Cornelia Ave,-87.648636,41.949074,13278
Michigan Ave & Lake St,-87.62783423066139,41.88462107257936,TA1305000011
LaSalle St & Washington St,-87.623052597,41.868090153,13006
Lincoln Ave & Balmoral Ave,-87.69,41.98,442
Rhodes Ave & 71st St,-87.586468577,41.766511679,652
Orleans St & Elm St,-87.658751,41.891795,TA1306000006
Central Park Ave & Bloomingdale Ave,-87.667968,41.91461,18017
Milwaukee Ave & Wabansia Ave,-87.667968,41.91461,13243
Calumet Ave & 35th St,-87.61678,41.8246,13345
State St & Pershing Rd,-87.6265680185,41.82301523798,15449
Public Rack - Milwaukee Ave & Diversey Ave,-87.71,41.93,504
Public Rack - Rockwell & Division,-87.68,41.91,1052
Calumet Park,-87.530844,41.71371,20224
Long Ave & Belmont Ave,-87.7,41.97,317
St Louis Ave & Norman Bobbins Ave,-87.71,41.79,385
Public Rack - California Ave & Touhy Ave - NW,-87.690427303,42.008646846,479
Campbell Ave & Irving Park Rd,-87.731947541,41.953178167,439
Public Rack - Christiana Ave & Archer Ave,-87.71,41.81,832
Cicero Ave & Lake St,-87.745261,41.886841,16903
Public Rack - Eli Whitney Public School,-87.65,41.89,539
Albany Ave & 16th St,-87.7,41.86,422
Western Ave & 28th St,-87.685149312,41.848468065,KA1504000168
Halsted St & 111th St,-87.64,41.69,20127
Maplewood Ave & 59th St,-87.69,41.79,389
Archer (Damen) Ave & 37th St,-87.676597,41.823192,18022
Morgan St & Pershing Rd,-87.665577,41.823465,16933
Central Park Ave & Ogden Ave,-87.715104699,41.853909254,15685
Pulaski Rd & Lake St,-87.73541,41.885928,528
Whipple St & Roosevelt Rd,-87.7,41.87,427
Elizabeth St & 47th St,-87.633449288,41.80931770924,553
Western Ave & Lake St,-87.623132229,41.86813283,415
Laramie Ave & Madison St,-87.7,41.89,540
Lawndale Ave & 30th St,-87.71506536,41.854038239,334.0
Maryland Ave & 104th St,-87.6,41.71,20134
Throop St & 52nd St,-87.657195,41.799659,556
Rockwell St & Cermak Rd,-87.685236573,41.848420978,425
Ashland Ave & Garfield Blvd,-87.655160189,41.794216394,16943
California Ave & 23rd Pl,-87.69582286477088,41.8537957934734,15689
Racine Ave & 61st St,-87.644893169,41.787621856,562
Public Rack - Spaulding Ave & Evergreen Ave,-87.6972121,41.910394788,513
Latrobe Ave & Chicago Ave,-87.705150366,41.913912058,642
Damen Ave & 59th St,-87.664429,41.792822,561
Shields Ave & 43rd St,-87.633448958,41.809354782,KA1503000001
Public Rack - Spaulding Ave & Bryn Mawr Ave,-87.674379587,41.969194412,489
Big Marsh Park,-87.57375516666667,41.685872333333336,20232
Calumet Ave & 71st St,-87.60641,41.75849,15599
Harlem Ave & Grace St,-87.81,41.95,325
Plainfield & Irving Park,-87.83,41.95,327
Public Rack - Loomis St & 87th St,-87.658046126,41.732446671,641
Public Rack - Pulaski Rd & 44th St,-87.71,41.81,833
Halsted St & 56th St,-87.654404879,41.783199668,KA1503000011
Public Rack - Legler Regional Library,-87.726112366,41.874418616,526
Public Rack - Champlain Ave & 65th St,-87.6,41.78,999
Lockwood Ave & Wrightwood Ave,-87.708031058,41.929664493,312
Public Rack - Spaulding Ave & North Ave,-87.70919583333334,41.90273366666667,510
Ashland Ave & 74th St,-87.66347408294678,41.75923602425868,20245
Houston Ave & 92nd St,-87.53,41.7,20242
Public Rack - Central Ave & George St,-87.78,41.93,563
Public Rack - Baltimore Ave & 133rd St,-87.55,41.65,581
Pulaski Rd & 60th St,-87.72,41.79,404
Public Rack - Kildare Ave & North Ave,-87.7,41.92,1058
Greenwood Ave & 97th St,-87.59703576564789,41.71870315475741,20238
Burnham Greenway & 105th St,-87.559795141,41.702811956,20222
Central Ave & Lake St,-87.735411167,41.885939837,16905
Meade Ave & Addison St,-87.78,41.95,324
Olive Harvey College,-87.60768066666667,41.7073485,20111
Public Rack - Christiana Ave & Belmont Ave,-87.65,41.94,499
Marshfield Ave & 44th St,-87.676597,41.823192,549
Kedzie Ave & 52nd St,-87.7,41.8,384
Public Rack - Hyde Park Blvd & 53rd St,-87.59,41.79,767
Western Ave & Ardmore Ave,-87.7,41.96,464
Virginia Ave & Catalpa Ave,-87.670920014,41.939409614,441
Public Rack - Keystone Ave & North Ave,-87.71,41.91,518
Homan Ave & 65th St,-87.72,41.78,392
Public Rack - Wood St & 47th St,-87.67,41.81,916
Jeffery Blvd & 67th St,-87.5764501141,41.76663823695,KA1503000030
W 103rd St & S Avers Ave,-87.72,41.71,20202
Museum of Science and Industry,-87.594747,41.799568,KA1503000074
Leavitt St & Lawrence Ave,-87.679258,41.96325,TA1309000015
Broadway & Berwyn Ave,-87.648636,41.949074,13109
Public Rack - Lawndale Ave & Diversey Ave,-87.71,41.93,506
Francisco Ave & 47th St,-87.7,41.81,381
Public Rack - Cicero Ave & Roscoe St,-87.713968873,41.949893713,543
Lawndale Ave & 111th St,-87.71288573741913,41.69131919221066,20203
Lavergne Ave & 46th St,-87.75,41.81,399
Public Rack - Midway Orange Line,-87.73,41.78,777
Artesian Ave & 55th St,-87.69,41.79,345
Sheridan Rd & Greenleaf Ave,-87.648523569,41.949102163,KA1504000159
Campbell Ave & Montrose Ave (Temp),-87.714495,41.924816,15623
Narragansett & McLean,-87.79,41.93,309
Cottage Grove Ave & 78th St,-87.605026,41.753174,575
Damen Ave & 74th St,-87.66,41.77,16951
Lavergne & Fullerton,-87.75,41.92,356
Halsted St & 78th St,-87.67363429069519,41.75927403933122,20233
Central Park Blvd & 5th Ave,-87.69345045089722,41.86193049278259,16907
Albany Ave & Douglas Blvd,-87.672210932,41.899163842,421
Sayre & Diversey,-87.8,41.93,352
Wentworth Ave & 63rd St,-87.64,41.78,KA1503000025
Archer Ave & 43rd St,-87.72,41.8,341
Kildare Ave & 47th St,-87.72,41.82,401
Public Rack - Rockwell Ave & Touhy Ave ,-87.7,42.01,480
Troy St & Jackson Blvd,-87.72,41.9,417
Public Rack - Marshfield Ave & 87th St,-87.66,41.72,703
Torrence Ave & 106th St,-87.6,41.7,20221
Seeley Ave & Garfield Blvd,-87.67,41.8,557
State St & 123rd St,-87.62105226516724,41.68701479467118,20210
Public Rack - Kedzie Ave & 63rd St,-87.69,41.78,757
Public Rack - Commercial Ave & 89th St,-87.551177502,41.744582772,651
Public Rack - McCormick Blvd & Devon Ave,-87.7,41.98,488
Kostner Ave & 63rd St,-87.72,41.79,406
Public Rack - Austin Ave & Wellington Ave,-87.77,41.93,564
Oketo Ave & Addison St,-87.76,41.95,393
Public Rack - Austin Branch Chicago Public Library,-87.76,41.87,794
North Ave & New England Ave,-87.707806587,41.929512978,310
Michigan Ave & 71st St,-87.58650291,41.766484618,651
Public Rack - Christiana Ave & 111th St,-87.72,41.71,895
Oak Park & Wellington,-87.8,41.93,318
Public Rack - Sawyer Ave & Chicago Ave,-87.71,41.9,1056
Public Rack - State ST & 42nd St,-87.6398565,41.879426333333335,958
Public Rack - Lake Park Ave & 47th St,-87.599244595,41.809803247,812
Public Rack - Cottage Grove Ave & 98th St,-87.62,41.72,699
Orange & Addison,-87.81,41.95,320
Public Rack - Chase Ave & Touhy Ave - NW,-87.673591256,42.019114375,481
Public Rack - Western Ave & 111th St - SE,-87.65,41.69,898
Vernon Ave & 107th St,-87.61225998401642,41.70012137923888,20109
Public Rack - Forrestville Ave & 47th St,-87.600106478,41.791449785,815
Fairfield Ave & 44th St,-87.71,41.82,380
Public Rack - Fairfield Ave & 63rd St,-87.7,41.79,1027
California & 16th St,-87.62600033333334,41.86722683333333,426
Austin Blvd & Lake St,-87.76,41.91,16906
Public Rack - Kedzie Ave & 61st Pl E,-87.7,41.8,772
Doty Ave & 111th St,-87.62,41.7,20114
Marshfield Ave & 59th St,-87.664843,41.779374,560
Public Rack - Neva Ave & Grand Ave,-87.79,41.93,805
Cicero Ave & Flournoy St,-87.7,41.88,16912
Public Rack - Harvard Ave & 119th St,-87.61,41.69,873
Public Rack - Cicero Ave & Cortland St - midblock,-87.71676016666666,41.91419116666667,552
Public Rack - Komensky Ave & 63rd St,-87.73,41.77,1031
Public Rack - Austin Ave & Wrightwood Ave,-87.79,41.93,565
Eberhart Ave & 131st St,-87.61071089698817,41.658413151101065,20211
Hegewisch Metra Station,-87.55,41.66,20215
Public Rack - Halsted St & 102nd St,-87.65,41.69,623
Richmond St & 59th St,-87.7,41.79,388
Cicero Ave & Quincy St,-87.763272047,41.880109191,16913
Public Rack - Grand Ave & North Ave,-87.74,41.91,867
Central Park Ave & North Ave,-87.72785,41.92459,15652
California Ave & 36th St,-87.69,41.83,338
N Shore Channel Trail & Argyle St,-87.7,41.99,444
Spaulding Ave & 63rd St,-87.7,41.8,349
Public Rack - Pullman - Walmart,-87.608403444,41.718945026,919
Public Rack - Halsted St & 95th St - SE,-87.65,41.72,627
Kildare Ave & Montrose Ave,-87.72,41.96,KA1706005015
Major Ave & Bloomingdale Ave,-87.76,41.91,308
Stony Island Ave & 67th St,-87.5764501141,41.76663823695,KA1503000023
Public Rack - Milwaukee Ave & School St,-87.69716116666666,41.922664833333336,501
Greenwood Ave & 79th St,-87.565211,41.75182,576
Public Rack - Keystone Ave & Irving Park Rd,-87.71903816666666,41.95404683333334,495
Public Rack - Talman Ave & 51st St,-87.68,41.81,822
Nordica & Medill,-87.8,41.91,378
Kenneth Ave & 50th St,-87.73,41.8,402
Public Rack - Cicero Ave & Wellington Ave,-87.75,41.94,546
Kildare Ave & 26th St,-87.73,41.85,365.0
Walden Pkwy & 100th St,-87.644743085,41.779387116,20107
Rockwell St & 57th St,-87.69,41.79,386
Elizabeth St & 92nd St,-87.615865469,41.793444872,20119
Public Rack - Kedzie Ave & Archer Ave,-87.67,41.84,836
Public Rack - Vincennes Ave & 95th St,-87.65,41.72,619
Public Rack - Leclaire Ave & Division St,-87.75,41.9,968
Public Rack - Western Ave & 47th Pl,-87.68,41.81,1048
Public Rack - Pulaski Rd & Fullerton Ave,-87.727921009,41.924568892,508
Lamon Ave & Chicago Ave,-87.75,41.9,302
Public Rack - Kedzie Ave & 58th St,-87.71,41.78,775
Tripp Ave & 31st St,-87.72,41.84,368.0
Public Rack - Western Ave & 107th St,-87.66,41.7,987
Hamlin Ave & 62nd Pl,-87.69,41.77,350
Public Rack - Wentworth Ave & 79th St,-87.61,41.75,657
Public Rack - California Ave & Devon Ave - NE,-87.71,42.0,487
Stony Island Ave & 82nd St,-87.58280128240585,41.73681521440671,583
Pulaski Rd & 21st St,-87.73,41.84,331.0
Public Rack - Harding Ave & 47th St,-87.72,41.79,826
Public Rack - Fullerton Ave & Narragansett Ave,-87.77,41.93,1011
Halsted St & 104th St,-87.6452887058258,41.68493159519296,20125
Public Rack - California Ave & Devon Ave - NW,-87.6996795,42.023683166666665,486
Sacramento Ave & 25th St,-87.7,41.85,424
Kildare Ave & Chicago Ave,-87.72,41.9,371
Laramie Ave & Kinzie St,-87.726491,41.885409,530
Leamington Ave & Hirsch St,-87.8,41.92,307
Fullerton & Monitor,-87.79,41.93,474
Public Rack - Western Ave & Devon Ave,-87.68,41.99,931
S Wentworth Ave & W 111th St,-87.63,41.69,20128
Public Rack - Kimbark Ave & 63rd St,-87.590375423,41.802589893,752
Public Rack - Avondale Ave & Addison St,-87.717633724,41.947405815,498
State St & 95th St,-87.64289033333333,41.71972383333333,20104
Kedzie Ave & 45th St,-87.71,41.79,342
Stewart Ave & 63rd St,-87.6158532619,41.79342945658,649
Panama Ave & Grace St,-87.8,41.94,394
Central Ave & Parker Ave,-87.78,41.93,355
Kostner Ave & Wrightwood Ave,-87.727905989,41.924567819,321
Public Rack - Perry Ave & 108th Pl,-87.63,41.7,606
Bloomingdale Ave & Harlem Ave,-87.77,41.91,377
Menard Ave & North Ave,-87.716518044,41.96114409,376
Perry Ave & 69th St,-87.635764241,41.768876672,KA1503000047
Hale Ave & 107th St,-87.68132925,41.691281676,20108
Public Rack - Ewing Ave & 99th St,-87.53,41.7,639
Halsted St & Polk St,-87.628388286,41.884695053,TA1307000121
Wentworth Ave & Cermak Rd,-87.6295437729,41.87207763285,13075
Paulina St & Howard St,-87.6904922389,42.0085943972,515
Ashland Ave & 13th St,-87.673882604,41.869277596,13354
Wells St & Hubbard St,-87.648636,41.949074,TA1307000151
Green St & Randolph St*,-87.64119029045105,41.882751965685614,chargingstx3
Clark St & Chicago Ave,-87.627844,41.877181,13303
Broadway & Ridge Ave,-87.64883,41.919936,15578
Lincoln Ave & Winona St,-87.684817076,41.96307373,KA1504000078
Greenview Ave & Jarvis Ave,-87.66972362995148,41.99086044812557,520
Kedzie Ave & Chicago Ave,-87.673688,41.871262,KA1504000114
Indiana Ave & 31st St,-87.61678,41.8246,TA1308000036
Rockwell St & Eastwood Ave,-87.636807561,41.936780453,KA1504000093
Clark St & Montrose Ave,-87.648569703,41.949097157,KA1503000022
Columbus Dr & Randolph St,-87.623041,41.867888,13263
State St & Chicago Ave,-87.629634,41.884241,21544
Wilton Ave & Diversey Pkwy*,-87.654678,41.94454,chargingstx0
Dayton St & North Ave,-87.638930082,41.925910234,13058
Jefferson St & Monroe St,-87.65703,41.87464,WL-011
Wells St & Institute Pl,-87.629634,41.884241,22001
Kedzie Ave & George St,-87.71211493,41.939426303,436
Halsted St & Willow St,-87.649288297,41.957762241,TA1307000166
Vincennes Ave & 104th St,-87.637120008,41.668745995,20124
Paulina St & Flournoy St,-87.67373085021973,41.869265218438194,KA1504000104
Lakefront Trail & Wilson Ave,-87.648606062,41.949090719,639
Dearborn St & Van Buren St,-87.616968393,41.841963172,624
Clark St & Bryn Mawr Ave,-87.650001,41.967968,KA1504000151
Franklin St & Jackson Blvd,-87.625813,41.860384,TA1305000025
Ellis Ave & 55th St,-87.594747,41.799568,KA1504000076
W Armitage Ave & N Sheffield Ave,-87.76,41.93,20254.0
Ashland Ave & Lake St,-87.627542,41.856594,13073
Michigan Ave & Ida B Wells Dr,-87.62939024,41.880790353,TA1305000010
Leavitt St & Belmont Ave,-87.648636,41.949074,KA17018068
Elston Ave & Wabansia Ave,-87.64950513839722,41.95786652415174,TA1309000032
McClurg Ct & Erie St,-87.6444478533,41.888716036,KA1503000041
Halsted St & 47th Pl,-87.633449288,41.80931770924,KA1503000051
State St & 33rd St,-87.627898335,41.877121925,13216
Wells St & Concord Ln,-87.640552,41.904613,TA1308000050
Fort Dearborn Dr & 31st St,-87.626804,41.911722,TA1307000048
Larrabee St & North Ave,-87.639047146,41.925824285,TA1306000008
Chicago Ave & Washington St,-87.679258,41.96325,E002
Clark St & Lunt Ave,-87.690416574,42.008570671,KA1504000162
Chicago Ave & Sheridan Rd,-87.683485,42.048214,E008
Broadway & Granville Ave,-87.648636,41.949074,15571
Western Ave & Winnebago Ave,-87.659172,41.95078,13068
LaSalle St & Illinois St,-87.63566762208939,41.896746973093805,13430
Clinton St & Washington Blvd,-87.639366,41.877245,WL-012
Clark St & 9th St (AMLI),-87.625858426,41.860277772,SL-009
Campbell Ave & Fullerton Ave,-87.7,41.92,15648
Wabash Ave & 9th St,-87.631244183,41.885747433,TA1309000010
Broadway & Thorndale Ave,-87.672447801,42.004487395,15575
Sheridan Rd & Loyola Ave,-87.66,41.99,RP-009
Tripp Ave & 65th St,-87.73,41.77,407
Rockwell St & Archer Ave,-87.7,41.81,379
Albany Ave & 26th St,-87.7,41.84,15691
Eberhart Ave & 91st St,-87.6424241065979,41.70513978893236,20110
Komensky Ave & 31st St,-87.71,41.84,335.0
Public Rack - Lawndale Ave & 63rd St,-87.71,41.78,953
Public Rack - Kenton Ave & Palmer St,-87.73,41.91,516
Public Rack - St Louis Ave & Berteau Ave,-87.717591882,41.947465897,493
Prospect Sq & 91st St,-87.67,41.73,20103
Ashland Ave & 50th St,-87.68,41.81,16940
Long Ave & Belden Ave,-87.75,41.92,313
Roscoe & Harlem,-87.81,41.95,319
2112 W Peterson Ave,-87.648954272,41.919982076,KA1504000155
Pulaski Rd & Eddy St (Temp),-87.663737655,41.920833707,KA1504000141
Kilbourn Ave & Irving Park Rd,-87.731910706,41.953615904,590
Public Rack - Prairie Ave & 47th St ,-87.63313333333333,41.794973,814
Public Rack - Monticello Ave & Belmont Ave,-87.677652359,41.909372687,500
Damen Ave & 51st St,-87.72,41.81,554
MLK Jr Dr & 47th St,-87.633419752,41.809340477,TA1308000007
Major Taylor Trail & 115th St,-87.71280466666667,41.69136383333333,20207
Damen Ave & Foster Ave,-87.68,41.89,KA1504000149
Kildare Ave & 55th St,-87.72,41.8,403
Franklin St & Illinois St,-87.65888083,41.89176178,RN-
Calumet Ave & 18th St,-87.629195571,41.880901337,13102
Central Park & Augusta Blvd,-87.73,41.9,370
Steelworkers Park,-87.53,41.74,20241
May St & 69th St,-87.586453557,41.766546011,567
Calumet Ave & 51st St,-87.590368,41.802562,15470
University Ave & 57th St,-87.594749808,41.799550414,KA1503000071
Loomis St & Lexington St,-87.623041,41.867888,13332
Kedzie Ave & Foster Ave,-87.71,41.99,KA1504000128
Public Rack - Menard Ave & Agusta Blvd,-87.774392724,41.887968063,798
Halsted St & 35th St,-87.65114,41.8378,TA1308000043
Public Rack - Michigan Ave & 96th St,-87.62,41.72,629
Winchester (Ravenswood) Ave & Balmoral Ave,-87.654839993,41.944504142,KA1504000147
Public Rack - Washtenaw Ave & Devon Ave,-87.68,42.01,930
Prairie Ave & Garfield Blvd,-87.594747,41.799568,TA1307000160
Racine Ave & 13th St,-87.65103,41.871737,13165
Francisco Ave & Foster Ave,-87.699413,42.039742,KA1504000160
Dodge Ave & Main St,-87.6904922389,42.0085943972,E011
Milwaukee Ave & Rockwell St,-87.624669433,41.884079337,13242
Halsted St & Roosevelt Rd,-87.659141,41.868968,TA1305000017
Leavitt St & Archer Ave,-87.646795,41.847203,KA1503000068
Field Blvd & South Water St,-87.6295209193,41.881319815,15534
Budlong Woods Library,-87.6933696402,41.99023602867,15585
Albany Ave & Belmont Ave,-87.681919456,41.979879975,434
Hoyne Ave & 47th St,-87.68,41.81,KA1504000091
Troy St & Grace St,-87.723558545,41.939444065,430
Public Rack - 63rd & Western Ave S,-87.69,41.77,738
Public Rack - Ewing Ave & 96th St N,-87.549551,41.728203,637
Campbell Ave & 51st St,-87.64460206,41.779414892,383
Leavitt St & Addison St,-87.665922642,41.932569504,KA1504000143
Ashland Ave & Wellington Ave,-87.652959108,41.940137148,13269
California Ave & Cortez St,-87.687275,41.902893,17660
Fairbanks Ct & Grand Ave,-87.636687517,41.890035748,TA1305000003
Paulina St & Montrose Ave,-87.654691,41.969517,TA1309000021
Public Rack - Kilbourn Ave & Fullerton Ave,-87.74,41.93,865
Kilbourn & Roscoe,-87.7175435,41.94735583333333,360
Public Rack - Hamilton Ave & 95th St,-87.7,41.71,696
State St & 35th St,-87.656495,41.858166,TA1307000129
Lincoln Ave & Belle Plaine Ave,-87.745359,41.960631,TA1309000026
Central Ave & Chicago Ave,-87.755337,41.880207,16920
DuSable Lake Shore Dr & Diversey Pkwy,-87.649603,41.961004,TA1309000039
State St & 29th St,-87.613533,41.836208,13213
Sheffield Ave & Wellington Ave,-87.6475386582,41.9364968219,TA1307000052
Chicago State University,-87.6,41.7,20106
Clinton St & Roosevelt Rd,-87.624870062,41.886090517,WL-008
Sheridan Rd & Noyes St (NU),-87.686152,42.064313,604
Western Ave & Roscoe St,-87.678551078,41.935894251,15634
Laflin St & Cullerton St,-87.654159427,41.855185866,13307
Kedzie Ave & Lake St,-87.6865960164,41.89841768945,KA1504000106
Avenue O & 134th St,-87.546157956,41.648559451,20214
Public Rack - Kildare Ave & Division St,-87.694653511,41.946664095,303
DuSable Museum,-87.5883151702,41.78794281287,KA1503000075
Western Blvd & 48th Pl,-87.67,41.8,594
Calumet Ave & 33rd St,-87.6244675,41.857966,13217
Southport Ave & Wellington Ave,-87.653714895,41.925570369,TA1307000006
Public Rack - Woodlawn Ave & 63rd St N,-87.591343641,41.780439258,951
Lamon Ave & Armitage Ave,-87.75,41.92,357
Central Park Ave & 24th St,-87.705459356,41.84817636,15687
Public Rack - Western Ave & 105th St,-87.68,41.7,691
Ogden Ave & Congress Pkwy,-87.673748255,41.871325374,13081
Western Ave & Leland Ave,-87.64641726,41.94549036,TA1307000140
Clark St & Elm St,-87.639490247,41.876943469,TA1307000039
Public Rack - Pulaski Rd & Armitage Ave,-87.74,41.93,517
Public Rack - Lorel Ave & Grand Ave,-87.77,41.93,935
Austin Blvd & Chicago Ave,-87.774474621,41.887923241,16921
Martin Luther King Dr & 111th St,-87.6,41.69,20115
Racine Ave & 65th St,-87.654308,41.775393,564
Public Rack - Milwaukee Ave & Addison St,-87.73,41.94,502
Kenton Ave & Madison St,-87.745261,41.886841,537
Stony Island Ave & 64th St,-87.599383,41.809835,KA1503000021
Ashland Ave & 78th St,-87.664429,41.792822,20234
Public Rack - Cottage Grove Ave & 87th St,-87.604837656,41.743503451,646
Harding Ave & 26th St,-87.67372179,41.871286988,332.0
Stony Island Ave & South Chicago Ave,-87.586005,41.746559,577
Public Rack - Lafayette Ave & 95th St,-87.63,41.72,621
Public Rack - Chase Ave & Touhy Ave - NE,-87.668571353,42.015962839,482
Public Rack - Tripp Ave & North Ave,-87.656985164,41.865066171,1057
Public Rack - Damen Ave & 47th St,-87.656522751,41.808449626,841
Public Rack - Western Ave & 92nd Pl,-87.68,41.69,702
Homan Ave & Fillmore St,-87.71503766666666,41.853879166666665,364.0
Troy Ave & 27th St,-87.7,41.82,465
Halsted St & 69th St,-87.635876,41.768898,15597
63rd St Beach,-87.590347409,41.802527308,15491
Burnham Greenway & 112th St,-87.52823173999786,41.7045750872071,20219
Cottage Grove Ave & 111th Pl,-87.6228544,41.7218499,20131
Woodlawn & 103rd - Olive Harvey Vaccination Site,-87.59,41.71,20133
Public Rack - Cicero Ave & Altgeld St,-87.74,41.92,548
Central Ave & Harrison St,-87.765476346,41.887703776,16915
Central Park Ave & Douglas Blvd,-87.72,41.87,329.0
Public Rack - Lafayette Ave & 87th St - NW,-87.6228305,41.72164633333333,710
Public Rack - Maplewood Ave & 47th St,-87.7,41.81,1047
Public Rack - Menard Ave & Madison St,-87.741017461,41.880718231,795
Rainbow Beach,-87.54938625,41.75787144829,KA1503000049
Exchange Ave & 79th St,-87.552812,41.751731,580
Commercial Ave & 100th St,-87.54957866666666,41.72819566666666,20225
Kedzie Ave & 110th St,-87.68129736185074,41.691211034981045,20204
Western Ave & 104th St,-87.70096063613892,41.69239474587557,20123
Public Rack - Sacramento Ave & Devon Ave,-87.7,41.99,485
Public Rack - Kostner Ave & North Ave,-87.705408454,41.909868717,519
Public Rack - Kedzie Ave & 54th St - SW,-87.71,41.81,825
Public Rack - Kedzie Ave & 54th St - SE,-87.74,41.8,823
Lavergne Ave & Division St,-87.73,41.91,304
Menard Ave & Division St,-87.77,41.89,305
Public Rack - Michigan Ave & 113th St,-87.61,41.69,595
Public Rack - Kildare Ave & Washignton Blvd,-87.69,41.9,852
Tripp Ave & 15th St,-87.69,41.87,363.0
Mayfield & Roosevelt Rd,-87.77,41.87,367
Public Rack - California Ave & Marquette Rd,-87.71,41.79,390
Marquette Ave & 89th St,-87.55834221839905,41.73366879071472,20239
Public Rack - Komensky Ave & 59th St,-87.72,41.79,776
Clyde Ave & 87th St,-87.586005,41.746559,20230
Public Rack - Newland Ave & Diversey Ave,-87.78,41.93,803
La Villita Park (Albany/30th),-87.71,41.87,336
Ewing Ave & Burnham Greenway,-87.54970014095306,41.72820421535798,20223
Michigan Ave & 114th St,-87.6,41.71,20243
Public Rack - Harper Ave & 63rd St,-87.59,41.78,750
Vincennes Ave & 75th St,-87.634088,41.743717,16953
Public Rack - Komensky Ave & 31st St,-87.73,41.84,335.0
Public Rack - Western Ave & 100th St,-87.68,41.71,695
Public Rack - Oglesby Ave & 95th St,-87.597016692,41.718716979,634
Halsted St & 73rd St,-87.6446208145,41.77938114228,20244
Public Rack - Komensky Ave & 26th St,-87.69,41.85,1069
Kildare & Cermak,-87.73,41.84,333.0
Hastings LWS,-87.63493216,41.911994338,2059
Bennett Ave & 79th St,-87.58528583333333,41.75116033333333,16970
Central Park Ave & Ohio St,-87.65876019,41.891760588,369
Public Rack - Laramie Ave & Grand Ave,-87.76,41.88,550
Public Rack - Washington Park Ct & 51st St,-87.606134057,41.780665159,1072
Public Rack - Pulaski Rd & 65th St,-87.72,41.78,1033
Public Rack - Austin Ave & Roscoe St,-87.79,41.95,560
Public Rack - South Shore Dr & 71st St,-87.599355459,41.809763908,948
Public Rack - Ewing Ave & 95th St,-87.5461725,41.648570418,982
Public Rack - Avers Ave & Archer Ave,-87.7,41.8,824
Public Rack - Lawndale Ave & 23rd St,-87.72,41.84,1070
Public Rack - Jonathan Y Scammon Public School,-87.723544836,41.939409494,503
Public Rack - Menard Ave & Dakin St - midblock,-87.723590732,41.939345598,559
Stony Island Ave & 90th St,-87.59871482849121,41.69501044938143,20236
Avenue O & 118th St,-87.53039968,41.691755652,20218
Public Rack - Stewart Ave & 123rd St,-87.645256877,41.684943557,586
Public Rack - Keeler Ave & 26th St,-87.68,41.85,536
Public Rack - Emerald Ave & 43rd St,-87.651094675,41.837779284,911
Yates Blvd & 93rd St,-87.57896840572357,41.72229074095262,20237
Public Rack - Pulaski & 52nd,-87.73,41.78,830
Ashland Ave & 66th St,-87.616019368,41.780101895,16950
Public Rack - Christiana Ave & 55th St,-87.71,41.79,774
Rockwell St & 63rd St,-87.69,41.77,391
Public Rack - Rutherford Ave & Belmont Ave,-87.81,41.95,808
Laramie Ave & Gladys Ave,-87.755285,41.875806,543
Public Rack - Brighton Park Branch Chicago Library,-87.7,41.82,784
Public Rack - Peoria St & 60th St,-87.645714045,41.827080369,769
Public Rack - Spaulding Ave & Foster Ave,-87.716150045,41.980399609,859
Public Rack - Princeton Ave & 43rd St,-87.656495094,41.858149052,785
Public Rack - Christiana Ave & Lawrence Ave,-87.745408297,41.960655212,860
Public Rack - Western Ave & 104th St - West,-87.68,41.7,688
Summit Ave & 86th St,-87.60641,41.75849,20101
Public Rack - Piotrowski Park,-87.656082749,41.8305794,838
Public Rack - N Narragansett Ave & Grand Ave,-87.76,41.92,801
Public Rack - Laflin St &51st ST,-87.66,41.8,1042
Sacramento Ave & Pershing Rd,-87.69,41.82,339
Shabbona Park,-87.76,41.95,395
Public Rack - The Montessori School of Englewood,-87.673699021,41.75926125,741
Public Rack - Jeffrey Blvd & 71st St,-87.6,41.79,736
Public Rack - Saginaw Ave & 93rd St,-87.566347718,41.726146817,942
Public Rack - Christiana Ave & Bryn Mawr Ave,-87.71188128,41.96838665,858
Public Rack - Whipple St & 63rd St,-87.7,41.8,1028
Public Rack - Morgan St & 95th St,-87.654344559,41.726848722,617
Public Rack - Sawyer Ave & Bryn Mawr Ave - SE,-87.711809516,41.968362331,857
Public Rack - James Madison School,-87.6,41.81,732
Public Rack - Kenneth Ave & 63rd St E,-87.71,41.79,1034
Public Rack - Halsted St & 95th St - SW,-87.64289316666667,41.719741166666665,626
Public Rack - Halsted St & 80th St,-87.64,41.75,887
Public Rack - Laramie Ave & Belmont Ave,-87.76,41.95,544
Public Rack - Brainerd Park,-87.654269934,41.726857901,1023
Public Rack - Lawndale & 63rd St,-87.72,41.78,1030
Public Rack - Homan Ave & 26th St,-87.715920806,41.844545245,869
Public Rack - Langley Ave & 49th St,-87.6,41.79,1012
Public Rack - Keeler Ave & 55th St,-87.72,41.79,779
Halsted St & Fulton St,-87.6343925,41.8900865,23003
Altgeld Gardens,-87.598801,41.656666,20212
Public Rack - Albany Ave & 111th St - NW,-87.7,41.69,678
Public Rack - Troy & 111th St,-87.71,41.69,896
Public Rack - Laramie Ave & Warwick Ave,-87.74,41.94,541
Keeler Ave & Roosevelt Rd,-87.7,41.87,330.0
Public Rack - Mozart Elementary School,-87.63830471,41.894640923,509
Public Rack - Kedzie Ave & 62nd Pl,-87.7,41.78,1038
South Chicago Ave & 83rd St,-87.5758393587,41.75712006802,588
Public Rack - East End Ave & 87th St,-87.604830503,41.743469954,883
Public Rack - Pulaski Rd & 41st,-87.73,41.84,835
Public Rack - Laporte Ave & Armitage Ave,-87.75,41.92,966
Public Rack - Normal Ave & 111th St,-87.64,41.69,972
Public Rack - Ewing Ave & 106th St,-87.53,41.71,980
Public Rack - Western Ave & 98th St,-87.590237141,41.709540248,992
Bradley Park,-87.56584167480469,41.71339748442245,20227
Public Rack - Newcastle Ave & Belden Ave,-87.74,41.92,799
Public Rack - Cottage Grove Ave & 75th St,-87.597459,41.751303,730
Public Rack - Kedzie Ave & 60th St,-87.73,41.8,1036
Public Rack - Menard Ave & Grand Ave,-87.77,41.92,569
Public Rack - Western Ave & 110th St,-87.681138,41.704608,988
Public Rack - Maplewood Ave & 63rd St,-87.644902945,41.779314876,1029
Public Rack - Newcastle Ave & Belmont Ave,-87.713972926,41.949957967,809
Public Rack - Drake Ave & Leland Ave,-87.76,41.95,933
Public Rack - Hamlin Ave & Grand Ave,-87.73,41.91,514
Public Rack - Albany Ave & 63rd St,-87.69,41.78,756
Public Rack - Greenwood Ave & Lake Park Ave,-87.63,41.87,788
S Aberdeen St & W 106th St,-87.65,41.7,20126
Public Rack - Kedzie & 103rd St - W,-87.68,41.72,686
Public Rack - Kingston Ave & 75th St,-87.57,41.75,949
Public Rack - Cottage Grove & 86th St,-87.6,41.72,662
Eggleston Ave & 92nd St,-87.62,41.72,20118
Public Rack - Throop St & 58th St,-87.656049967,41.83060658,770
Public Rack - Houston Ave & 91st St,-87.558503747,41.73365593,650
Public Rack - Pullman - Planet Fitness,-87.62,41.71,921
Public Rack - Pulaski Rd & 51st Rd,-87.72,41.79,829
Public Rack - Evans Ave & 63rd St,-87.59,41.8,749
Public Rack - Avenue M & 132nd St,-87.55,41.65,673
Public Rack - Martin Luther King Dr & 69th St,-87.65,41.77,746
Kildare Ave & Division St,-87.63,41.89,303
Public Rack - Milwaukee Ave & Waveland Ave,-87.73,41.94,862
Public Rack - Brandon Ave & 91st St,-87.55,41.74,847
Public Rack - Vincennes Ave & 99th St,-87.64,41.72,616
Public Rack - Calumet Ave & 51st St,-87.618103623,41.802283883,813
Public Rack - Claremont Ave & 71st St,-87.673601985,41.759332538,718
Public Rack - Halsted St & 76th St,-87.65,41.75,724
Public Rack - California Ave & Pershing Rd,-87.7,41.83,783
Public Rack - Kimball Ave & Carmen Ave,-87.692704439,41.974917173,490
Public Rack - Nordica Ave & Addison St,-87.78,41.95,811
Public Rack - Chopin Park,-87.732016206,41.95339942,542
Public Rack - Cottage Grove & 84th St,-87.66,41.74,664
Public Rack - Ewing Ave & 101st St,-87.54,41.7,636
Public Rack - 532 E 43rd St,-87.6,41.81,913
Public Rack - Homan Ave & 62nd Pl,-87.71,41.8,1037
Base - 2132 W Hubbard,-87.666748047,41.891060114,Hubbard Bike-checking (LBS-WH-TEST)
Public Rack - Whipple St & 26th St,-87.7,41.86,540
Public Rack - Vincennes Ave & 77th St,-87.57,41.75,946
Public Rack - Peterson Ave & Drake Ave,-87.69,42.0,1015
Wentworth Ave & 104th St,-87.60766267776489,41.7072503677818,20130
NewHastings,-87.67569959163664,41.854966518753926,2059 Hastings Warehouse Station
Public Rack - Ewing Ave & 105th St,-87.54,41.72,613
Phillips Ave & 83rd St,-87.576457143,41.766616344,582
South Chicago Ave & Elliot Ave,-87.60125756263733,41.73655902282214,665
Public Rack - Cottage Grove Ave & 111th St,-87.62,41.69,596
Carpenter St & 63rd St,-87.634774,41.779835,18025
Public Rack - Foster Ave & Drake Ave,-87.74,41.94,1017
Public Rack - Abbott Park,-87.64,41.69,628
Public Rack - Mackinaw Ave & 108th St,-87.53,41.7,611
Public Rack - Western Ave & 62nd St,-87.68,41.79,1035
Public Rack - Eberhart Ave & 61st St,-87.57,41.76,955
Public Rack - Central Ave & Corcoran Pl,-87.765505672,41.887688398,793
Public Rack - Justine St & 87th St,-87.67,41.73,642
Public Rack - Western Ave & 106th St - East,-87.67,41.71,690
Public Rack - Marshfield Ave & 45th St,-87.68,41.8,840
Public Rack - Western Ave & Jarvis Ave,-87.686089873,42.064343452,483
Public Rack - Austin Blvd & North Ave,-87.67,41.86,571
Public Rack - Kedvale Ave & 63rd St W,-87.72,41.78,1032
Public Rack - Karlov Ave & 26th St,-87.685123563,41.841524005,538
Public Rack - Kedzie & 103rd St - East,-87.68,41.72,685
Public Rack - Ewing Ave & 107th St,-87.54,41.7,979
Public Rack - Kedzie Ave & Pershing Rd,-87.71,41.83,839
Public Rack - Baker Ave & 863rd Pl,-87.55,41.73,892
Public Rack - 63rd & Western Ave N,-87.683308601,41.805691361,739
Public Rack - Hiawatha Park,-87.83,41.95,572
Public Rack - Parnell Ave & 98th St,-87.6428535,41.71972266666667,624
Public Rack - California Ave & Touhy Ave - midblock,-87.683507919,42.048273921,477
Public Rack - Halsted St & 41st St,-87.64662528,41.853787065,912
Public Rack - Hermitage & 83rd St,-87.68,41.68,712
Public Rack - Woodlawn Ave & 63rd St S,-87.59,41.8,950
Public Rack - Strohacker Park,-87.72,41.8,827
Public Rack - Menard Ave & Belmont Ave,-87.76,41.94,562
Public Rack - Kedzie Ave & Chicago Ave,-87.706182361,41.895457983,1055
Public Rack - Langley Ave & 105th Pl,-87.60131483333333,41.7364505,610
Public Rack - Kolin Ave & Archer Ave,-87.72,41.8,831
Public Rack - McVicker Ave & Grand Ave,-87.75,41.92,570
